Fit-Time_MAPI_1pct_ABA_S1_30_tube_5min,Peak1Area_MAPI_1pct_ABA_S1_30_tube_5min,Peak1Amplitude_MAPI_1pct_ABA_S1_30_tube_5min,Peak1Pos_MAPI_1pct_ABA_S1_30_tube_5min,Peak1FWHM_MAPI_1pct_ABA_S1_30_tube_5min,Peak1Alpha_MAPI_1pct_ABA_S1_30_tube_5min
0.0,1.2433451878924873e-18,2.3765237708675584,1.6674281954567958,0.030214333892119694,9.408678556747942e-17
0.999271137026239,5.4514789933070086e-17,1.8979855551353921,1.6678750691409265,0.028160875283788078,5.94399166382965e-15
1.998542274052478,1.495716583604408e-27,1.8016977071187548,1.6089738985355877,0.013407460704434326,4.760670749009413e-25
2.997813411078717,1.160133941755508e-21,1.2393113522912385e-11,1.500000100403004,7.01145983466045e-05,0.9999999487518926
3.9970845481049566,8.005555561930568e-18,2.578371806741273e-08,1.502,7.011928034250658e-05,0.004995514076493319
4.996355685131196,0.0020788134619396403,0.3213179762742856,1.6720292126243093,0.006071964269142693,0.005560724578188043
5.995626822157433,6.527792889267417e-16,1.709448555433228e-05,1.863627569242792,7.011178731142209e-05,0.09006514809437842
6.994897959183673,0.005908366783162642,0.3837484910152639,1.787455648749481,0.014455647498756496,0.0032609792115066588
7.994169096209912,0.0014146467389705842,0.24935243270314897,1.6714954749000963,0.0053199792651261735,0.010462887808665155
8.993440233236152,1.0968039992605196e-13,0.06856946231581382,1.8122965133392535,7.011109720123088e-05,0.00011957413248538428
9.99271137026239,1.7765081421616695e-10,1.258579157399984e-05,1.5384903623480062,0.0017720688821074582,0.022797195379797984
10.991982507288629,0.011946837727947223,0.700715221368706,1.7879604798468587,0.01585683317310349,0.05691805809158725
11.991253644314869,nan,nan,nan,nan,nan
12.990524781341106,nan,nan,nan,nan,nan
13.989795918367346,6.81887058757457e-14,7.50477350837963e-13,1.8999999957445606,0.07583181812029238,1.2011686406352197e-08
14.989067055393585,0.0076095434775703815,0.48890031269397816,1.7867227761985478,0.014500456719020338,0.0472632354346347
15.988338192419823,0.004370081172453453,0.26041602786191853,1.7867706130229726,0.0135678374513728,0.9128078722928497
16.987609329446066,1.004423949883166e-08,0.2968292048090895,1.787130758459293,0.013609014684305087,1.6215314637283712e-05
17.986880466472304,3.677709252483296e-13,3.4836785602848036e-07,1.5007456479541368,0.00011148715026942924,0.9437526371312392
18.986151603498545,2.869365007315821e-22,2.0718923173336035e-06,1.8026702298103805,7.011101913700912e-05,1.8226115927193872e-07
19.985422740524783,2.2426907915794434e-11,1.678480765236398e-05,1.591958785978795,0.0003200815043036265,0.9846981195617592
20.98469387755102,9.787852991685003e-11,9.623210567461295e-05,1.8561788567087703,0.0028046314867971045,0.0002033055708229079
21.98396501457726,4.473310965928952,4.20211942588502,1.5000000000000002,0.7009913669392596,1.6871398410132182e-11
22.9832361516035,4.723058568655235e-25,1.0025268918788157e-08,1.899984453680776,7.011101913612094e-05,3.333057050558183e-07
23.982507288629737,2.425842119057609e-10,0.005430980674966539,1.5744785419416591,0.0005869151353234958,0.005964366597686084
24.98177842565598,1.1874700722492375e-33,1.432575233236455e-15,1.8532267485995022,7.011101912635098e-05,0.9999059775565302
25.981049562682216,9.45567209522862e-29,1.7162330065103757e-08,1.5000234815138591,7.011101912612894e-05,7.819727282843189e-10
26.980320699708454,2.994308085123433e-15,1.2963988032323728e-07,1.7623209175187045,7.704919401629873e-05,0.995
27.979591836734695,5.894387278970895e-14,2.3309540814404756e-08,1.6036559577477096,0.006895991519792144,0.0050000000000000044
28.978862973760933,4.182762960962205e-20,3.551359598058263e-05,1.8835017743952556,7.011101923737328e-05,4.675634364589825e-05
29.978134110787174,1.351885856201422e-34,2.3532991138421486e-16,1.8999999999950947,7.011101912657303e-05,0.43568975968435664
30.97740524781341,2.657615731178355e-13,0.0005834143821174272,1.694307601190551,0.0009627683335278192,7.780999928019731e-05
31.976676384839653,1.963449532088611e-16,3.0722804804681836e-05,1.8705142466377227,0.0001861410690700005,1.4389400486064342e-06
32.97594752186588,0.00019942260664433637,0.2843535128229979,1.6150399000300633,0.0006583748464024097,0.015263545832403143
33.975218658892125,1.6802853583497306e-21,1.0267075343566203e-08,1.8999154274849042,7.01110533827265e-05,0.00027384569311672546
34.974489795918366,4.61961561033637,4.590798741312495,1.5000000000000002,0.6736256743731237,1.0547714141178927e-18
35.9737609329446,4.246190210814861e-24,5.028685161411754e-07,1.6985833633822172,7.011101913101392e-05,0.956445497205585
36.97303206997084,1.3004603798254134e-19,0.00024245012864278911,1.7626400606304693,7.011101926668317e-05,0.43717674439810233
37.97230320699708,2.9158591133867838e-24,2.974361460610618e-06,1.555473941105212,7.011101912635098e-05,0.9837426135405154
38.971574344023324,1.4789605136547325e-21,0.0035812250131578324,1.794860484598489,7.011101912612894e-05,0.010308546539038788
39.97084548104956,2.3077902502144673e-24,0.0002549011758236114,1.7138816589318824,7.011101912635098e-05,1.2192558515086477e-05
40.9701166180758,5.43303494119745e-12,1.5146368782633985,1.7404605535668005,0.017873442734532174,1.2219102147437107e-09
41.96938775510204,0.9925877452194073,8.30679038774818,1.7488539669640488,0.11225442341806802,3.2227776726238377e-15
42.968658892128275,6.7373248946028115,46.05052361682636,1.7504353763256852,0.13744239691478843,2.564121029506705e-16
43.967930029154516,33.63438239826002,207.73666992402275,1.7494337659948302,0.14348097945403282,0.3387212055211844
44.96720116618076,95.22988299280244,548.5045386952577,1.7472865272885678,0.15042758817993063,0.47494347911070023
45.96647230320699,154.84552838429835,853.9987575243737,1.7449226318602167,0.15863992039627406,0.4156142277502019
46.96574344023323,186.33468862616866,1013.2580559936746,1.7419601404685294,0.16397461935698754,0.3019754336190193
47.965014577259474,203.91535310422628,1119.044726743556,1.7377559026490947,0.16372956951402373,0.2567274198284654
48.96428571428571,217.54752233449113,1206.9043230577606,1.733357042040453,0.16161116334536807,0.2694235862546025
49.96355685131195,228.18304009586961,1278.5802909881784,1.7294077395279863,0.15948912249922453,0.2886890456659833
50.96282798833819,237.9909460739591,1345.7888814764246,1.7260658091729857,0.1574907118494242,0.3092480845111005
51.962099125364425,246.6261172532554,1403.5453747799793,1.7230523900716375,0.15608167580557986,0.3247684494322
52.961370262390666,255.7200735726873,1464.4372178391627,1.7203521736216374,0.15454714729701458,0.34639102792157334
53.96064139941691,263.8151938935738,1522.1231818443148,1.717977327162841,0.15300605803929712,0.36167917213592504
54.95991253644314,272.32889361072006,1580.3635784907594,1.7157337605039682,0.15179447109463617,0.37466774310888673
55.95918367346938,280.10246478663635,1636.327241231194,1.7137252300256052,0.15056999422941275,0.3833607131110165
56.958454810495624,288.47724401912393,1695.4045475731812,1.7119925072942699,0.14929684314252079,0.3983394998918596
57.957725947521865,296.33688189645903,1749.379005078179,1.710327392408995,0.1484025114881966,0.4076980639278628
58.9569970845481,302.7207596370481,1797.7817507018933,1.708832807153524,0.14740323797082655,0.4123995335437218
59.95626822157434,309.08976045325244,1846.1416882966055,1.7074297781615553,0.1464942850183557,0.4151955509395448
60.95553935860058,315.1223232052663,1894.2543286703183,1.706057990840136,0.14550885322947948,0.4173217861609102
61.954810495626816,321.4373901926846,1945.0703076714265,1.704809495991844,0.144445744414339,0.4215731018760878
62.95408163265305,326.98577644906845,1984.6916601834419,1.7037428898647446,0.14405965559595413,0.41930117675635487
63.95335276967929,332.59152771641504,2028.4008943089018,1.7026445230811296,0.14336522213421254,0.41958195504243284
64.95262390670554,338.42616490458164,2074.34255125403,1.7016524291141164,0.14259172824250088,0.42203067506854275
65.95189504373178,344.23222816441205,2118.358879470262,1.7007693229451706,0.14199366369741329,0.4233408100559699
66.95116618075801,349.1127205001965,2156.795440974788,1.699934852598039,0.14141094250773256,0.4246060967999361
67.95043731778425,354.18224175124857,2200.6309564293756,1.6990364852607378,0.1405158081237332,0.42852474446820216
68.94970845481049,359.5617675832428,2243.932207851155,1.698232366408935,0.13984767376043106,0.4306777313771713
69.94897959183673,364.49853543087636,2280.0819282047864,1.697479177968118,0.13957137810354658,0.4284491436590455
70.94825072886297,369.1564212255352,2318.1295041203557,1.6966700880546781,0.1389910379106296,0.43036206694439844
71.94752186588921,373.7670593277035,2355.811555228905,1.6959857873555582,0.1384288993042626,0.4324269485436574
72.94679300291544,378.35337634176994,2391.726764540293,1.695323055565371,0.13801303272012122,0.43287756450926157
73.94606413994168,382.78606341373455,2425.8275085494574,1.6947138445376067,0.13767521941528016,0.4325206925689108
74.94533527696792,386.80488952398747,2458.1335744983744,1.6940986722484295,0.13727035084233918,0.43348955365926256
75.94460641399417,388.63072136483777,2474.293701184567,1.693654854983215,0.13699208302376253,0.4346171671847295
76.9438775510204,379.5091857819377,2397.387350224438,1.6939872448322144,0.13815280171323163,0.43089944925977397
77.94314868804665,366.47412999175793,2288.0958318358057,1.6947941825024084,0.13993775233458727,0.42405494962352047
78.94241982507289,356.2560799585367,2184.0759399013436,1.6962873993068455,0.142851921122787,0.4097571287972174
79.94169096209912,332.96149434457067,1996.3973686945878,1.6981799945402154,0.14666918754998037,0.38474432635003947
80.94096209912536,321.5728607962109,1918.7296203081473,1.6978651663059672,0.14774682802351702,0.37005580399489935
81.9402332361516,336.18207967325037,2032.83797221287,1.6950473189756707,0.1449608682254,0.40436536232160336
82.93950437317784,320.1301397337872,1972.024217747419,1.6920743419626283,0.14180715816503064,0.42519865167162246
83.93877551020408,288.40117174646934,1825.0939652940713,1.6883546614501297,0.13756977677540294,0.44578807641729556
84.93804664723032,377.2365796529648,2560.6914102846367,1.6733375473270127,0.1288951660256541,0.4154882786925936
85.93731778425655,647.6478257673266,4606.836889533549,1.6479646021924128,0.12570189962896827,0.2855512419008827
86.93658892128279,570.9966592804066,4223.996690071101,1.631521544565396,0.12186993156641557,0.23692277870555375
87.93586005830903,296.06275367000416,2192.9153733453986,1.6219486309510915,0.12180245415450663,0.23276426376512852
88.93513119533527,197.8198791291569,1454.971518808907,1.616291672041341,0.12215471209788853,0.2571330097147523
89.93440233236151,160.58492146287205,1169.4103617402693,1.612790054531444,0.12267917071413348,0.2906365223197165
90.93367346938776,143.5097379423948,1037.4295832984428,1.610373998330411,0.12291159272382868,0.3229734352517206
91.93294460641398,137.71093586842693,993.9173556425318,1.6087068076273667,0.12245583526589221,0.354740079622122
92.93221574344022,140.32201348018987,1016.6340688817621,1.6074968625906518,0.12112168805224455,0.39766769895979354
93.93148688046647,146.25590086161077,1063.6191566400887,1.606527617943723,0.12037066031871002,0.412516740257997
94.9307580174927,153.89529763260873,1121.199296589802,1.6056549470381642,0.11994992778652724,0.42277577743256817
95.93002915451895,161.84207439371397,1174.4781151286472,1.6049224324944058,0.12024842904094069,0.4314963397589101
96.92930029154519,172.699828811614,1247.6111251000864,1.6044683569702127,0.12069767306645951,0.43634208372517724
97.92857142857143,186.1974780334598,1345.421884092657,1.6039868973254865,0.12068729081496676,0.4355032585499333
98.92784256559766,187.29904395301952,1357.5740007054897,1.603043081282885,0.12036422186480755,0.4329990289682485
99.9271137026239,162.2622061337054,1175.2076324491513,1.6022834344375916,0.12033204242519169,0.4392471400990349
100.92638483965014,139.95324418233008,1013.2849440594281,1.6017055461620138,0.12008406456744058,0.45387810573461546
101.92565597667638,127.42814229924075,923.4363475033009,1.6011298595782166,0.11970248758859725,0.4677663620650822
102.92492711370262,119.79189292937025,871.5329932704087,1.600621035766827,0.11895284441900622,0.482029632202831
103.92419825072886,114.75115211243669,837.4535941144677,1.600201324268466,0.11861046933848196,0.4806847134436493
104.92346938775509,111.65564994193724,817.611273348194,1.5998812137458074,0.11824606111784819,0.47890836033862677
105.92274052478133,109.72663846992721,804.1692609258242,1.5996672636522358,0.11826090348540164,0.4729442752290118
106.92201166180757,109.08745994168402,801.9108467256632,1.5994726351706636,0.11784971230891772,0.4757135176881386
107.92128279883381,106.71353843957391,784.0106542332053,1.5995943414027443,0.11795698125009779,0.473654514728682
108.92055393586006,99.65765586585457,725.7847562979662,1.600285574642471,0.11901725825104426,0.47251461072349094
109.9198250728863,93.55270907198127,676.6695796861362,1.6008997213053013,0.11959583020849718,0.48477633030697465
110.91909620991252,90.76163575698375,655.4688564299097,1.6008638551821024,0.1199272083628391,0.47729425830224004
111.91836734693877,89.10475463625363,646.2176651469722,1.6006340412588818,0.11964474378591472,0.46598482721609646
112.917638483965,87.91902324534718,639.7741667646446,1.6004128884701652,0.11928305634046343,0.46386264076956213
113.91690962099125,86.75792742207416,632.7705092768176,1.6002925303493547,0.1189938865552167,0.4647180842323718
114.91618075801749,85.4729283636951,623.1691393892131,1.600167900402079,0.11914958177921431,0.45898668755504063
115.91545189504373,84.53214605202479,617.9135981516513,1.5999917651380793,0.11869903012189864,0.4662453187696438
116.91472303206997,83.38103576647056,611.0910862718533,1.5998665085863817,0.11844964799900737,0.4631629198409729
117.9139941690962,82.35023312962262,602.9814006281026,1.5998936263137558,0.11874386459115671,0.45365009343677154
118.91326530612244,82.01033102828416,601.1835587960907,1.5997040339979813,0.11843867788796891,0.4623253105079711
119.91253644314868,81.84682014293634,601.2354724601864,1.5996010454058136,0.11798490812938534,0.4730476643144825
120.91180758017492,81.31812054130756,597.5623231994973,1.5995090821139581,0.11804441553894773,0.46781538832609104
121.91107871720116,81.24529729185372,598.4350227271617,1.599451249016385,0.11771725003040845,0.47038045315322186
122.9103498542274,81.1267175981505,597.2333075207966,1.5993863934871415,0.11787932509730048,0.46533589122547725
123.90962099125363,81.20576107907388,599.3522582281439,1.5992488559576659,0.11760317813669441,0.46397875435471475
124.90889212827987,80.18611781478376,590.5015906568267,1.5994056857220642,0.11790662042906908,0.46193227226294054
125.90816326530611,77.35079767691735,565.6594258924387,1.6000847180490894,0.11880460216587307,0.4582342847338878
126.90743440233236,76.65289663403296,557.8739046120932,1.6003314391889172,0.11940022341437695,0.4569836625127291
127.90670553935858,78.56996107767746,572.404046485962,1.6002395823897675,0.11913721947765787,0.46426998242377504
128.90597667638482,80.5919944204858,588.8657901814587,1.600157910436282,0.1188373084107397,0.4616913015087307
129.90524781341105,82.30328439472696,601.5289121467888,1.5999006500007644,0.11889727295346697,0.45700288026924096
130.9045189504373,83.9478229631129,614.7432731881413,1.5997533849528356,0.1185687731216456,0.4620080402903198
131.90379008746353,84.8161507271968,622.1117171251647,1.5996978015031236,0.11854839879548607,0.45315551832023815
132.9030612244898,86.04322470527538,631.5198528632619,1.5996822669252442,0.11840317146597479,0.4566881964518255
133.90233236151602,87.54572488148986,643.2179453124759,1.5995441106011032,0.11819299303410835,0.46116184959797196
134.90160349854224,89.09691342384392,654.3328464164007,1.5994719529343064,0.11819069301079632,0.4639088606412942
135.9008746355685,90.39788756873735,664.1904597862437,1.5994555676071405,0.11816331674331715,0.462536731674979
136.90014577259473,91.65991872748916,674.7634047748643,1.5994634064338873,0.11788118599678121,0.46535276848935897
137.89941690962098,92.54943199298515,680.830053138142,1.599541999115289,0.11814323205693178,0.45612497579118544
138.8986880466472,93.60925211493208,688.4710405018606,1.5994113468626923,0.11821541997584517,0.4537794941525229
139.89795918367344,95.13669625750754,700.367828605931,1.5992486178259087,0.11793337331988041,0.4625673338685957
140.8972303206997,nan,nan,nan,nan,nan
141.89650145772592,97.650924850954,720.516325777117,1.599215532782968,0.11766178223168988,0.4627351807253946
142.89577259475217,98.59986355783384,727.8512208821269,1.5992372832843371,0.11767977627697435,0.4590109293814255
143.8950437317784,99.72254949588742,735.5071834159596,1.5991690580656033,0.117724894297083,0.46190691361679825
144.89431486880466,nan,nan,nan,nan,nan
145.89358600583088,101.42290734303789,748.2755347046322,1.599045045163214,0.11786457711092635,0.45282934756321375
146.8928571428571,102.55439030505316,757.3222315455455,1.5990696556066701,0.11776480856930882,0.4523637607508895
147.89212827988337,103.73979536393776,765.917895671979,1.5989950129729122,0.11766483554444962,0.4587952328404538
148.8913994169096,104.2703757586041,769.9105768715586,1.5989170663173957,0.11777649866605211,0.45241980816943794
149.89067055393585,105.47859515107726,779.2409753879634,1.5989375058573256,0.11763732515201664,0.45642252797755956
150.88994169096208,106.60920553028076,788.0345392373667,1.5989622227218145,0.1175763765536102,0.4561697325858389
151.88921282798833,107.68666216940409,796.3587054953792,1.5989257569706692,0.11745240166178861,0.4598450360930137
152.88848396501456,108.18885629132669,799.4597874536585,1.5989176598914419,0.11758554676369748,0.4576091866627403
153.88775510204079,107.94037968197857,797.424518206482,1.5990153521136337,0.11763401168260068,0.4566196053062689
154.88702623906704,108.11439036754112,798.7796136091663,1.5991694045988394,0.1175634563953214,0.45974529937965436
155.88629737609327,108.80942122511912,803.7672996191224,1.5990001809829264,0.11768180669643402,0.4547314252193226
156.88556851311952,109.81299350821311,810.9952141468565,1.5989444918044167,0.11768634090983654,0.45588909304371517
157.88483965014575,110.6288288560092,817.0092794178966,1.599030952010853,0.11769210080488923,0.4556736600265791
158.884110787172,111.27501643075527,823.3952942036588,1.5989249720223178,0.11737112642743752,0.46036093994795874
159.88338192419823,112.07942518648544,829.2062336123082,1.5988955544234063,0.11735227240945512,0.4623801837745684
160.88265306122446,112.5757800670408,831.9171070150865,1.5988439476704255,0.1176376579328362,0.4546147474913956
161.88192419825072,113.30314207485041,838.4591168702668,1.598877348488767,0.11749001993930541,0.4537808889621712
162.88119533527694,114.21737879144843,845.2716135089041,1.598779642820002,0.11748467427000397,0.4537193560092395
163.8804664723032,115.09299735656612,851.149010796515,1.5987773438552262,0.11755376401299422,0.45444978354444654
164.87973760932942,115.18215308609923,851.1581688772396,1.5987777942882313,0.11775964515423598,0.44844535577081035
165.87900874635565,116.00510105465855,857.9625828655935,1.5987032087164768,0.11754986383135635,0.454166890667487
166.8782798833819,116.65880870654692,863.1947063282364,1.5987802649946286,0.11752133618507576,0.4528407555831036
167.87755102040813,117.364311561763,869.2985368862468,1.5987056149321446,0.11743104971011742,0.4513286312066006
168.8768221574344,118.22970463794512,876.1718613241126,1.5986741645695817,0.1172371831763741,0.45816964732873544
169.87609329446062,118.3160362711937,876.4021233951709,1.5985893483183449,0.11743114965750645,0.45094579480696556
170.87536443148687,118.78281533951565,881.1658808621919,1.598604771624562,0.11729353313533397,0.44905392685675044
171.8746355685131,119.61621606973628,888.1791782937969,1.5985819180295242,0.11717432858200261,0.44954618433315624
172.87390670553933,119.97997664330009,890.3856262943046,1.598456968455238,0.11731790349784665,0.44547421725403535
173.87317784256558,120.08382000036504,890.1680835561511,1.5986130375346208,0.1173558615761614,0.4502567403246164
174.8724489795918,119.39225041377,883.3732100762553,1.5987156731825296,0.11752402816807073,0.45302603226793997
175.87172011661806,119.41851780376246,882.8995382783506,1.5986924862151737,0.11760084310458452,0.4536530425180711
176.8709912536443,120.01992017907672,888.5397785511384,1.5986370817699391,0.11740438739712,0.4556469536385961
177.87026239067055,120.62761466990014,891.9547326484907,1.5986049836271599,0.11764038532766796,0.4508145401404085
178.86953352769677,121.07326995134494,894.39441009255,1.598666463429205,0.11780275658387152,0.44823945575185853
179.868804664723,121.67029465376268,901.382800093571,1.598605226931241,0.11737981981015255,0.4526981680855113
180.86807580174926,122.26281683912975,904.8106985801743,1.5986368157966706,0.11744004218178938,0.4560446168829144
181.86734693877548,122.36275654217528,905.5760543865397,1.5986147970994757,0.11748714134142157,0.4534292999652566
182.86661807580174,122.72753459668024,907.4322467317963,1.5986270007070251,0.11768085688051921,0.44905535553005843
183.86588921282797,123.42381636183163,914.0196932192035,1.5986308588709908,0.11741611967967747,0.4531724213663572
184.8651603498542,123.99002823083975,919.2945474703611,1.5986082284738978,0.11726850163460001,0.4536634084538755
185.86443148688045,124.21733091012473,920.9360725010974,1.5985722483138711,0.1173335399500337,0.4505769688975297
186.86370262390668,124.2923977057353,920.7683902557937,1.598537562727456,0.11746479811835808,0.44855732628487865
187.86297376093293,124.63046694058744,921.5832692261823,1.5985719591560656,0.11758047633158486,0.45371552931326153
188.86224489795916,125.20240305229817,928.9459802112896,1.5985172080672378,0.11711661319573707,0.4572122304337523
189.8615160349854,125.7539006012015,933.3973695652237,1.5985566034731977,0.11708346680797344,0.4565897013111534
190.86078717201164,126.04370569695983,933.16655042348,1.59855824647843,0.11747289619602008,0.45189165200966314
191.86005830903787,126.20628149598488,935.1586421239726,1.5985746826143594,0.11735289392265735,0.4529790400477174
192.85932944606412,126.27022627584142,935.4244141096364,1.5985046404668561,0.11741700764243657,0.4510072592136531
193.85860058309035,126.31533564191433,935.6837791634706,1.598450478266502,0.11755099508740097,0.4445548105649732
194.8578717201166,126.83243890747242,940.5795771557247,1.598442805995424,0.11735076957097479,0.44803088106340977
195.85714285714283,127.26870920958913,944.9758315182746,1.5984971474972909,0.11713811340341418,0.45158832479614025
196.8564139941691,127.34756381227655,945.9439800753505,1.598478314482054,0.11707134815244857,0.4525966240609171
197.85568513119532,127.29423994805518,943.9795162053364,1.5984783173860122,0.11740245565418927,0.4455115479495349
198.85495626822154,127.4114710597143,943.6504123449253,1.5984545979048517,0.11755508426709604,0.4453293128726396
199.8542274052478,127.32152143373571,943.126529549206,1.598455546217375,0.11759099099877823,0.44255442310196635
200.85349854227402,127.84582900092273,948.1164227884539,1.5984734118299229,0.11734389351425345,0.44824874633392575
201.85276967930028,128.0192153613425,949.7787433476708,1.5984508875681067,0.1172676056338191,0.4497935750838742
202.8520408163265,127.86003346522897,948.7967637040232,1.5984935486839607,0.11731535529212489,0.4460403593210165
203.85131195335273,127.84583654460141,948.5201962927782,1.598574283203929,0.11731914369737284,0.446941935673173
204.850583090379,127.93817461839552,948.5390171699784,1.5986079761794503,0.11737331465283929,0.4484053748563259
205.84985422740522,128.41160058942273,953.0645724734865,1.5985543192505034,0.1172474943906765,0.4484442041859063
206.84912536443147,128.70816700267227,955.8486279553726,1.5984442382572637,0.11715828024528552,0.44936387969239105
207.8483965014577,128.56864963384885,955.3464811993498,1.5984822668779748,0.11711635747208438,0.4481394029319985
208.84766763848395,128.46235191701166,954.1272519006135,1.598433104400616,0.11714491464860499,0.4493935734173474
209.84693877551018,128.40472879786807,952.5252468984042,1.5984148224763979,0.11735192870643929,0.4461457175450892
210.8462099125364,128.58835506441125,953.6626661376281,1.598452431407564,0.11736704347696514,0.44679577034232537
211.84548104956266,128.3571754901979,953.2003660092538,1.5984947708708575,0.11720896509349443,0.4469980575711683
212.8447521865889,128.34889544218424,952.932882509921,1.598424845722777,0.11723130798062664,0.44715325338603656
213.84402332361515,128.44286329559316,954.0708185333082,1.5984252328850046,0.11712775575770995,0.4497217487140344
214.84329446064137,128.21605473832193,951.895936819053,1.5984479020849867,0.11725835721759736,0.4460734786193908
215.84256559766763,128.20643099077867,949.6776610462564,1.598502214065132,0.1175365125608363,0.44539660306556217
216.84183673469386,128.1726485593293,950.2461252246665,1.5984736164472177,0.11737301949483947,0.4486209762380576
217.84110787172008,128.09838360157215,949.1925572376074,1.5984739371083263,0.11749111036029625,0.44572592605224126
218.84037900874634,128.22760141993282,950.1730090057334,1.5983550058741098,0.11749978889490986,0.44512968932830915
219.83965014577257,128.2999055407617,951.033436117924,1.5982702272179576,0.11745531508260654,0.445355839684509
220.83892128279882,128.3629749285489,952.0580992136587,1.598322705328491,0.11735134577916617,0.4471816486166648
221.83819241982505,128.25685850768855,951.4557585192337,1.5983117490410905,0.11733755949707447,0.4467149985195869
222.83746355685128,128.12355238522616,950.7950316418309,1.5983226225511133,0.11730687352055802,0.4462061451708981
223.83673469387753,128.18664109047305,952.7088183342174,1.5983529998068962,0.11705133139463642,0.45023617505386926
224.83600583090376,127.94000920660565,949.7383229955052,1.5984364871874337,0.11723606655374441,0.4479232590463749
225.83527696793,127.79419934869138,947.6168354905241,1.5984277848441493,0.11738758831002505,0.4467328687307478
226.83454810495624,127.43324494677626,944.7514402583744,1.598405185630084,0.11747774801739275,0.44327876456008813
227.8338192419825,126.85768237437392,940.0762100071681,1.59848569966411,0.11760892911793408,0.43913415377699966
228.83309037900872,127.33297581222172,944.0663204141421,1.5984754936406038,0.11731208285580697,0.4514893712474623
229.83236151603495,127.15058762616039,942.6645776919879,1.5984678723832917,0.11736257094816938,0.4491898634098103
230.8316326530612,127.12173066567661,942.6198154345184,1.598440891017544,0.11738900999762825,0.4467272234419114
231.83090379008743,126.86747819599691,941.9007851237485,1.5984621246976731,0.11718253630847575,0.44990025778893233
232.8301749271137,126.6531164252655,938.9286667508113,1.5984747826434278,0.11737535757159212,0.44883645756760865
233.82944606413992,126.18975098237928,934.3644927175754,1.5985104156302576,0.1176178762955784,0.4436268879121908
234.82871720116617,125.83697469277868,931.6574523281503,1.5984576318285553,0.11764481291799167,0.44285428564834456
235.8279883381924,125.50098650422626,929.6774895260006,1.5985007858419173,0.11762125791371991,0.4407515814565104
236.82725947521863,125.38904199402334,929.8509571083358,1.5984056274709795,0.1174737026382846,0.441823163998262
237.82653061224488,125.62985638315524,932.5006994181396,1.5984722807049851,0.11715816851714056,0.45254758762341674
238.8258017492711,125.38286003289012,929.2589697275687,1.5985020053750472,0.1173872676313048,0.4498742961958988
239.82507288629736,125.04165008620265,925.5167265717461,1.5984950536268725,0.11756132023098376,0.44883120300669416
240.8243440233236,124.9257388692741,923.8398044833128,1.598512998624791,0.1177217226216265,0.4459267501010759
241.82361516034985,125.18024731284605,927.5041758920989,1.5984809512617866,0.11733010319265014,0.4545019704635363
242.82288629737607,124.78500061849059,924.7069552967431,1.5985042001527858,0.1173695041270455,0.4515925569165511
243.8221574344023,124.61545737204224,923.4068865236014,1.5985228493514645,0.11742795277717799,0.44884979048809087
244.82142857142856,124.7999037000924,923.8441496352305,1.5985474423346833,0.11748537726089903,0.4519953736687131
245.82069970845478,124.41799211776112,921.1232925134592,1.5984727757604713,0.11750009675199524,0.4505299814505795
246.81997084548104,124.29659936835539,920.5249836753478,1.5984396659296378,0.11745225562623296,0.4510219348126212
247.81924198250726,124.24240166345103,920.5243212280789,1.5985222990146213,0.11742662263226444,0.44970017584439276
248.8185131195335,123.98719810680399,918.7490892305967,1.5985051399726575,0.11741367364819388,0.4496056594754889
249.81778425655975,123.77057913387557,917.0561596573253,1.5984126777307546,0.11732427853210359,0.45482601558480673
250.81705539358597,123.4042399610211,912.4412982751719,1.5984842950308062,0.11764523910595415,0.4508607190589758
251.81632653061223,122.57820935613415,907.0865871179177,1.5985355889178836,0.11763804206486617,0.44618002893154624
252.81559766763846,122.67131530266127,907.8281665592376,1.5985723508280665,0.11754224501041088,0.4507848911210906
253.8148688046647,122.68046892131639,907.5696711675741,1.5985259443622057,0.1176552736733194,0.4471230707405738
254.81413994169097,122.55457663515102,907.3131425501742,1.5985565679852065,0.11752693298614125,0.4492368665494661
255.81341107871722,122.40258446065309,906.4140674521271,1.5985316476362583,0.11741761962193453,0.45338255852113146
256.81268221574345,122.37835428949577,904.8315557847998,1.5985810601593486,0.11756560068924049,0.45514866117788755
257.8119533527697,121.80655529926966,900.4396764839462,1.5985447503971426,0.11773851014950298,0.44731122962354086
258.81122448979596,121.73168806877469,899.9635776047579,1.5985140269607507,0.11768338163128411,0.4496384788761923
259.8104956268222,121.6132781812843,899.7445505211449,1.5985333697098567,0.11759244957445336,0.4499010113307169
260.8097667638484,121.29168116507175,897.7152631125599,1.5985640698858983,0.11756260163027155,0.44907271513932995
261.80903790087467,120.90022442772425,893.4787105279798,1.5985355437625202,0.11785005403353166,0.4433288461511335
262.8083090379009,120.73276704331994,892.9698977076197,1.598556026376614,0.11762622421765712,0.4499270906675017
263.8075801749271,120.69714126512459,893.2448671482779,1.598543226749368,0.11757598966262806,0.4488568239590148
264.8068513119534,120.87860893322113,894.6960156763756,1.5985327105329723,0.11754189697726725,0.44988616189471914
265.80612244897964,121.05005409373098,897.0619796754435,1.5985067403730076,0.11728820525069183,0.45559173786657986
266.8053935860059,121.17457812993331,896.4334479861667,1.5985515621911859,0.11750427898119975,0.454912979298523
267.8046647230321,120.62824529442751,892.1605191727814,1.5986259806941234,0.11757304244496147,0.452927782766943
268.80393586005835,120.14849562899562,888.5854391755555,1.598580344214746,0.11759561795259588,0.451943078465015
269.8032069970846,120.03411745657294,888.817672673551,1.5985543440357055,0.11749879882932635,0.44956868937663874
270.8024781341108,120.0129618335128,888.9198243053058,1.598561552012079,0.11739399825029695,0.45322826737414623
271.80174927113706,119.70585809092798,887.1348892124835,1.5985258638008282,0.11728199575359599,0.45567862144334764
272.8010204081633,119.41957880787602,884.1467871229672,1.5985527127952086,0.11738117965198258,0.45649685379033883
273.80029154518957,118.52777639759331,876.6876998013668,1.5985777852937695,0.11773560431550889,0.4440886932864949
274.79956268221576,118.4189472539687,875.8484995190881,1.5986508865690932,0.11770331450484073,0.44599467664811904
275.798833819242,118.36330787155819,874.3204692864978,1.5986084574161754,0.11777483762971142,0.4500637765289138
276.7981049562683,118.1265380994009,873.1441124251629,1.5986236588036506,0.11759684519255864,0.4552788870168718
277.7973760932945,117.99037209374897,872.519050838315,1.598627740882411,0.11755486246492963,0.45479014104050175
278.79664723032073,116.95837861422972,863.927795065344,1.5986475997867762,0.11795048518205253,0.4411039635495003
279.795918367347,116.52100864590341,860.9087762061159,1.5986051975070583,0.11781469213720008,0.4466131540124465
280.7951895043732,116.10077378974691,857.5931786183228,1.598656083058106,0.11790070413940112,0.44366862544709373
281.79446064139944,116.76369124988524,863.6251262367842,1.598637600927431,0.11766796414387737,0.4476869384837393
282.7937317784257,117.4778701082196,868.4565472963699,1.5985383928737174,0.11764179877798475,0.4521997317109836
283.79300291545195,117.84843788634328,871.0895164041619,1.5985448409313425,0.11765698353393117,0.452158069361359
284.79227405247815,117.59978903274416,870.8779558617052,1.5985934651797167,0.11752235836925862,0.4477491792545199
285.7915451895044,117.89381924372023,872.3903345595634,1.598590608258946,0.11768896006956853,0.443767747328964
286.79081632653066,118.07753738912852,874.4872870370732,1.5984282422857592,0.11748878574620969,0.44899069972764155
287.79008746355686,117.61786129697288,870.8326692192353,1.5984195679450488,0.1175024820487589,0.4500300398893783
288.7893586005831,117.40231778556642,867.5041088384904,1.5984468596095003,0.11767304052989269,0.4533475024192189
289.78862973760937,117.07852686626315,865.7196453475233,1.5984655645132064,0.11760478726246837,0.452601378820108
290.7879008746356,116.09435222973525,859.2606287853234,1.5985483700857923,0.11762808543136916,0.4455976193233925
291.7871720116618,115.87524303273139,856.7706638917821,1.5986643813583123,0.1176652068463988,0.44984067284115586
292.7864431486881,115.9565377073004,856.7642693021444,1.598695663995033,0.11775381281641084,0.4495731463261421
293.78571428571433,116.0696464685641,857.98462598075,1.5986547400860662,0.11774925157465788,0.44708026738667467
294.78498542274053,115.96341827959438,858.0824795100872,1.598541149513051,0.11774209706482419,0.4411882647757263
295.7842565597668,116.2489873086533,860.4411381018984,1.5984471315074147,0.11777476080099336,0.437768580067511
296.78352769679304,116.95426246091336,866.1447650074308,1.598424884636134,0.11760248674104234,0.44327184888100385
297.7827988338193,117.38780376274964,868.917349902794,1.5984409319112585,0.11756482950572433,0.44828645606666506
298.7820699708455,117.12603492971613,866.3138304370701,1.5985223728723064,0.11771399758761847,0.4452466882084632
299.78134110787175,116.99194182451998,865.6150708521584,1.5984793521239384,0.11760480726615308,0.4488321413004114
300.780612244898,117.18386453029271,867.5311041729143,1.5984740353857596,0.11733279526059914,0.4594530623241209
301.7798833819242,116.54264881365505,862.8262616454803,1.598481434041763,0.11736552101122211,0.45745527954528314
302.77915451895046,115.38439695942171,854.9020212720347,1.5985357212449982,0.11747283488426485,0.44725249785555893
303.7784256559767,114.74944664867377,848.6304165504666,1.5985823544946673,0.11790848240983087,0.4359668614929537
304.777696793003,114.62240040541494,847.0246012192463,1.5986046578851167,0.11797809676265181,0.43715784794426055
305.7769679300292,114.91310623073286,849.8346531575487,1.5985842597497986,0.11788012503215661,0.4374715277929839
306.7762390670554,115.66019140748193,856.3398790303751,1.5985336889862802,0.11749086872725778,0.45062018443801577
307.7755102040817,115.75311113044194,857.4287193917604,1.5985558356957068,0.11743943765470677,0.45043856769611035
308.7747813411079,115.61438002988548,855.5768457329793,1.5985235619666964,0.11767843157040181,0.443928786721644
309.77405247813414,115.71409494759797,855.4019627249696,1.5985270807648015,0.1177807688205228,0.44512818580207836
310.7733236151604,115.85837699750574,856.3822932930474,1.5984706823546577,0.11782380096850575,0.443519490290332
311.77259475218665,115.7180714651367,856.9266236918897,1.598491489294413,0.1174990640472906,0.4490717123040096
312.77186588921285,115.31194146771298,853.0775240002828,1.5985029598220888,0.11765621030530182,0.44693923149632303
313.7711370262391,114.95440592720766,849.266505838216,1.598507776743906,0.11778864474303363,0.44844197380604695
314.77040816326536,114.07245769835812,844.2045235825939,1.5985351585744767,0.11773778767744947,0.4405872110783213
315.76967930029156,113.66341358171132,842.1161207039121,1.598593551244474,0.11755345247955229,0.4433315215964749
316.7689504373178,114.07406757978703,842.9320814169224,1.5985621953787352,0.11777032480957716,0.4481653479057543
317.76822157434407,114.41152836002597,846.1908162086971,1.5985008977903197,0.11761449287413761,0.45071817755680615
318.7674927113703,114.34312001691603,847.2739647715063,1.5985006799343573,0.11752109993412607,0.44412985455876086
319.7667638483965,114.78588301192075,850.0178220651727,1.5984226748545647,0.11754271325957322,0.4468526012950547
320.7660349854228,115.40870976123294,855.0695799542849,1.5983028668471893,0.11732230288934686,0.45514787206345286
321.76530612244903,115.37514032035232,854.0109193950912,1.5983751732391265,0.11754542444363314,0.44935140059827694
322.76457725947523,115.16236512503286,853.510575551193,1.59835033767868,0.11752220035192984,0.44288979963133884
323.7638483965015,115.15994800791451,853.7715134814664,1.5982464125638898,0.117463426111589,0.4439452218360197
324.76311953352774,115.55274949698264,857.0790156212239,1.5982226014079124,0.11718694402197372,0.4554795726994087
325.76239067055394,115.28509261327892,854.4489939684103,1.5982694214730109,0.1174046360560912,0.4487721697171998
326.7616618075802,114.91083178274991,852.6629454797238,1.5984630282277215,0.11727397240816018,0.448494279401943
327.76093294460645,114.81984773142526,850.410252275202,1.5983917051227006,0.11745566285604792,0.4503521136415895
328.7602040816327,114.58854798523208,848.4893815499686,1.5983515642903925,0.11745349230947921,0.45195511465854044
329.7594752186589,114.00421269244761,845.280818507328,1.5983857940330397,0.11726887798887242,0.453473123176698
330.75874635568516,113.64232735018669,841.6007923104476,1.5984059014291956,0.1174741513807589,0.45003165695482955
331.7580174927114,113.45589167320777,841.0715377549941,1.598412447967397,0.11726101600991368,0.45492249722926414
332.7572886297376,113.08741583719106,838.3280740956443,1.5984398504890565,0.11729721237662716,0.4531287415435644
333.75655976676387,113.03948293942662,837.4446866465807,1.5984700764522999,0.11751275525023352,0.4457919580138875
334.7558309037901,113.45770370032783,841.4610676449602,1.5984111739824376,0.11749819374655068,0.43990895141634784
335.7551020408164,114.42523934923514,848.1874168049097,1.5983338376703156,0.11753531997004596,0.44120815264117963
336.7543731778426,115.013307699568,852.3572513233751,1.5981873368504071,0.1173575539054239,0.451766065462776
337.75364431486884,114.4952463723686,848.1673775511825,1.5983027252430047,0.11737313861625998,0.4534738717665967
338.7529154518951,114.18181574613483,847.3738166053214,1.5982843267188351,0.11701542006449506,0.4610737906826052
339.7521865889213,113.3027752825961,839.3260456080626,1.598357656318203,0.11741799622123783,0.45120277821632293
340.75145772594755,112.7949213613959,834.9338514772895,1.5983912830397788,0.11758504936417924,0.4471413643584047
341.7507288629738,112.5238133769625,832.0507383305513,1.5984084139216361,0.11775879092865105,0.4445633963775319
342.75000000000006,112.09455450428126,830.1106536934041,1.5983941799592574,0.11757011325878586,0.4452677484326431
343.74927113702626,111.88817587774858,829.0767129741868,1.598398673391129,0.11741358884949338,0.4497441553762044
344.7485422740525,111.94346562836716,829.3039250247799,1.598508219822521,0.11725925601125176,0.4590955387141693
345.74781341107877,111.18827082590721,822.1628237289561,1.598568460987717,0.11770780890471788,0.44728854192569184
346.74708454810497,110.98383832970717,819.0790151529775,1.5985641066940284,0.11791752712959003,0.448124849247495
347.7463556851312,111.02344354221599,820.3189636378272,1.598533822367409,0.1177175014608145,0.4514231039461887
348.7456268221575,111.6660509197379,826.8919885338601,1.5985153319817054,0.11734533651805368,0.4572524911893463
349.74489795918373,111.69054273430918,827.8453777102604,1.598370746552957,0.11733390266698551,0.4521622771712981
350.74416909620993,112.02708930902674,829.6315361094269,1.5983446464420128,0.11755465710563873,0.44591713608811706
351.7434402332362,112.51700386961427,833.8498200404094,1.5983385263165095,0.11759485138088333,0.4395346923595601
352.74271137026244,113.22905834527995,840.4298052930789,1.5982852377275558,0.1172447867996913,0.44822791001891904
353.74198250728864,113.46194258019551,841.7832524142971,1.5982554743455777,0.11727676631806006,0.44927931957210193
354.7412536443149,113.08030284540544,837.9903870824803,1.5982705565358646,0.11746365297747574,0.44656798371697976
355.74052478134115,112.3928221168976,833.8231504464609,1.5982628542088877,0.11733755422991465,0.4463320666590275
356.7397959183674,112.07642811449271,832.2999789115278,1.5982439510717001,0.11715834706164774,0.4496044420430172
357.7390670553936,111.84885081559693,829.373702808298,1.598343965014217,0.11738049977058362,0.44714076588753643
358.73833819241986,111.83803956022057,827.7303626884483,1.5983416523042173,0.11760574845292204,0.44695577222523
359.7376093294461,111.57251096615565,826.0440438578981,1.5983178073243376,0.11760961842598916,0.4447016686505782
360.7368804664723,111.43679415795984,825.800139771996,1.5983111423650822,0.11739879241741114,0.45000920029387487
361.73615160349857,111.0457816830236,822.0524607136233,1.5983363781041742,0.1175103642230253,0.4505182339713389
362.7354227405248,110.3865857568178,816.9276192618875,1.5983952864818303,0.11753286192654788,0.45117795426683516
363.734693877551,109.89537458902916,812.7970197512433,1.5984428018982582,0.11761597381714695,0.45058302708152737
364.7339650145773,109.5584101470786,810.3347376946462,1.5984738124718676,0.11769020683677467,0.44651924131906184
365.73323615160353,109.65141662703462,811.0108004511313,1.5984938250815264,0.11771232530831077,0.44546496226094295
366.7325072886298,110.04371561199397,815.2322378916751,1.5984036797911687,0.11756905171344956,0.44301763687161455
367.731778425656,110.50276200059056,818.4347067892105,1.5983526243712467,0.11761812692528628,0.44195306290367004
368.73104956268224,110.61763153643668,820.0972228850356,1.5983239105229587,0.1174835655545241,0.44289158901327086
369.7303206997085,110.66829611805773,819.7427032465677,1.5983294542603033,0.11758104791008583,0.443261971698033
370.7295918367347,110.5276957119553,818.6307532361511,1.5982821118316017,0.1175814140680318,0.44376666582382607
371.72886297376095,110.33887805790334,817.4858160811604,1.5982738062033435,0.11750272486472757,0.4459510642791023
372.7281341107872,110.11602385055957,815.1639367684526,1.5983267668526033,0.11761422221943851,0.44518559587771905
373.72740524781346,110.22399699064354,816.6546321253677,1.59829423391952,0.11737513935851651,0.452414254353279
374.72667638483966,109.35008400554786,809.1519782564048,1.5983838583405119,0.11769069825783007,0.44380149048245465
375.7259475218659,109.07696201196205,807.1412322601252,1.5984558457482032,0.11759600522695113,0.4486202068964399
376.7252186588922,109.01530367845032,806.5795671772628,1.5984511447219694,0.11760767020133023,0.44881164649331595
377.7244897959184,109.17976949560045,808.1343119161324,1.5983987144850518,0.11769610137139108,0.4416971194945771
378.72376093294463,109.51850004568101,812.8120257602117,1.598256326145918,0.11735369012462749,0.4431535735054028
379.7230320699709,109.93827932925356,816.1886305265899,1.5982083075467506,0.11718498207035277,0.44995866065749873
380.72230320699714,110.15347710524345,816.7974137889654,1.5982338088303438,0.11742340401646079,0.44495408063001307
381.72157434402334,110.74105544068587,823.032589908693,1.5981632191895885,0.11704870871461259,0.45049904243936867
382.7208454810496,113.55792681545394,845.6894236322331,1.5978615306957729,0.11697185735339932,0.4420975889388817
383.72011661807585,115.12052573454704,858.0102443985512,1.5977062862382156,0.11674493526380147,0.44905912504727874
384.71938775510205,115.11778460198755,860.4375702239131,1.5975887960402004,0.11616907422536515,0.4618283842694405
385.7186588921283,115.2003505960474,862.6211225774933,1.597473180678971,0.11600216784622464,0.45951278945485347
386.71793002915456,115.54430337586224,866.1087136117521,1.5973784962214401,0.11587797879574158,0.4596195588381395
387.7172011661808,115.86442388863581,870.4637774364486,1.5972920342488335,0.11562476916746078,0.4592450735943758
388.716472303207,116.44012836729073,874.1806001121115,1.5973277094479257,0.11579027663315489,0.4547677208156765
389.71574344023327,116.86541658112205,876.0929067916596,1.5971960269871497,0.11611627255134271,0.4465447727502384
390.7150145772595,117.63956478046765,884.800223705052,1.5970995859114465,0.11568645708644087,0.44910725776567484
391.7142857142857,117.94282430454683,887.8043436681302,1.5970257463042599,0.11567538888686624,0.4447315236471014
392.713556851312,118.6086887836029,893.1538547473431,1.5969243343050927,0.11570346617252647,0.44095967459355323
393.71282798833823,119.73654359695591,903.5444932687286,1.5968884415968592,0.11524672582994278,0.45223175869774385
394.7120991253645,119.8765558699094,905.6050524337028,1.5968112996322987,0.11529024775626362,0.4431850401198631
395.7113702623907,120.77825970078268,914.0784433811332,1.5967587207643095,0.11504724021917467,0.4449522940213612
396.71064139941694,121.55353865765184,920.5133514061658,1.5965935199560917,0.11494920096272421,0.44638752855008423
397.7099125364432,122.03953106954644,924.9848301093224,1.5965343718034586,0.11486327132205854,0.44573209138823866
398.7091836734694,122.97692300895497,932.9140875039558,1.5965787830798008,0.11471468944076713,0.4482282190120415
399.70845481049565,124.06205923279154,941.5361019193729,1.5964238462226925,0.11459596564948349,0.45200886595942497
400.7077259475219,124.49585889202173,946.9008460451678,1.5963362821141172,0.11444904200603623,0.4464814739797355
401.70699708454816,125.1270197653999,952.268914532559,1.5963009469019296,0.11443282603602345,0.4437175315424574
402.70626822157436,125.85012966579087,959.3212790392927,1.5962082558986745,0.11422114530973415,0.44514825674283304
403.7055393586006,126.78719690768199,966.9215457303126,1.596103858707311,0.11418605496544054,0.444140536389484
404.7048104956269,127.62294807626847,973.2256813704505,1.596085959634155,0.11421983710000116,0.4427767796712312
405.7040816326531,128.29071975148952,980.400665107403,1.5960417218454004,0.11402570326044259,0.4401905500887407
406.7033527696793,128.95183039915526,986.0720462805608,1.5959474417365358,0.11392567778887241,0.4417069596841401
407.7026239067056,129.5231941652246,990.7214139386202,1.5958972232416309,0.1138900736726065,0.44188711698349875
408.7018950437318,130.1835538782363,997.3916559749096,1.5957751111475538,0.11374370976693804,0.4398283339731045
409.70116618075804,131.00231965387917,1005.5634533877432,1.595698192601784,0.11351374312021179,0.4406408381698751
410.7004373177843,131.79857943232085,1013.3431039519958,1.5956629160336309,0.11329960459126265,0.4421067415350507
411.69970845481055,132.55601106217844,1020.5001792761636,1.5955658404356279,0.11317416931847668,0.440892139313665
412.69897959183675,133.28405185626264,1024.9978557284703,1.5955367228777884,0.11338521748969899,0.4361327009376064
413.698250728863,134.13453034580934,1032.8677440273068,1.5954576664534472,0.11324133470832609,0.43602236166806646
414.69752186588926,134.7981845253091,1039.8716996995804,1.5954206502964001,0.11306751442453566,0.43428240766845566
415.69679300291546,135.41882027409937,1045.4646239766264,1.5953895363044037,0.11296804121625126,0.4349482153051685
416.6960641399417,136.09817067501453,1051.9080602355689,1.5952747088350565,0.11287503306282431,0.4330265566923667
417.69533527696797,137.06660548464748,1060.3598754547454,1.595217155387235,0.11274346997018703,0.43456918069053624
418.6946064139942,137.7478791156489,1065.740319513127,1.59513691880806,0.11278044845872137,0.4319519156003689
419.6938775510204,138.45998566005414,1071.2411573019242,1.5950964283745677,0.11280108719400705,0.4308907115938599
420.6931486880467,nan,nan,nan,nan,nan
421.69241982507293,139.63605198199718,1083.7362299043018,1.5950179273117664,0.11250953890891946,0.42755086901880046
422.69169096209913,140.65817891022505,1093.6617969580327,1.5949562446419023,0.1122668038448873,0.42958945333827936
423.6909620991254,141.45813135712643,1099.7179275888457,1.5948802011585181,0.1122912277826873,0.4291729194148536
424.69023323615164,142.24160661168207,1106.1028599419772,1.5948597901700072,0.11229133642893419,0.42755433563009143
425.6895043731779,142.66613915415076,1110.6805273145799,1.5947633766275233,0.11225371831934705,0.4226151060921919
426.6887755102041,143.48917475542825,1117.9133073722996,1.5947243100202841,0.11217828226784277,0.4222136875132151
427.68804664723035,144.21749742282628,1122.8501793659075,1.5946890162374878,0.11232928321959346,0.41804270513929714
428.6873177842566,145.0144721110513,1131.3289493635084,1.5945758579361162,0.11208893440301537,0.4188308791111587
429.6865889212828,146.01825372197314,1140.7229441524473,1.59446746694191,0.11190497150570455,0.4204750162805664
430.68586005830906,146.7569535061314,1146.7707740626668,1.594384845338093,0.11187738850084239,0.4205050632341093
431.6851311953353,147.4032232310815,1153.2403641809228,1.5943528377534482,0.1117715595042108,0.4187772482383357
432.68440233236157,148.3093632978961,1161.7060161350773,1.5944059596956146,0.11158967524283869,0.4214617552597251
433.68367346938777,149.00879861832254,1167.83528876936,1.5943211420500762,0.11156306221463885,0.41953100531926524
434.682944606414,149.41681891305825,1170.9175101724227,1.5942434743806357,0.11169945531797287,0.41273255510610957
435.6822157434403,150.3790877600814,1179.4478465501006,1.594177325636524,0.11155091384630311,0.41570644813666646
436.6814868804665,151.0035389732954,1185.3431266840819,1.5941144166257453,0.1114854490217827,0.41416414130981277
437.68075801749274,151.80016879886927,1194.4933500419304,1.5940561543648768,0.11114891095360102,0.41776589087478294
438.680029154519,152.7123611507576,1202.870864434582,1.5940447698516822,0.11103679228870766,0.41783525311363484
439.67930029154525,153.3231120184118,1207.5163218746761,1.594034150329625,0.1111450518839292,0.41276556641166046
440.67857142857144,154.12584593640543,1212.2728010794747,1.5939944024771315,0.11133882091516711,0.41003644074402085
441.6778425655977,154.74836270807123,1219.8231963436551,1.5939201381511012,0.11105264804022053,0.41242845756972213
442.67711370262396,155.59159254391497,1228.6180462830018,1.593886990939432,0.11086781862575457,0.41191945751089776
443.67638483965015,156.25333097069333,1232.1952405689478,1.5937528843095479,0.11107606146675209,0.4086552696574856
444.6756559766764,156.99135123833943,1238.5569749725216,1.5937745352244204,0.11105981326462566,0.4068946620102681
445.67492711370267,157.80281137955646,1248.1723253368752,1.5937640116084972,0.11072952208977216,0.4093160781198138
446.67419825072886,158.4357513377034,1255.6207481793786,1.593664730676343,0.1104960726996922,0.4103061891984993
447.6734693877551,159.30464627187035,1261.8312779405464,1.5936399075884944,0.1105554230300303,0.41029525939362205
448.6727405247814,159.833697642853,1267.4240047034932,1.593564305648057,0.11050499048521867,0.40636219507125665
449.67201166180763,160.79410310006662,1276.042684440051,1.5935147296486372,0.11038371679506387,0.4082462546278843
450.67128279883383,161.74607912862865,1284.7753570267241,1.5934345436085608,0.11025415913422187,0.4098009686316038
451.6705539358601,162.35909921454953,1289.197024132261,1.593422096839926,0.11035100338450521,0.4065921816770032
452.66982507288634,163.01793653656242,1296.3754984114569,1.5933644865246883,0.11017627633380056,0.40708509759659184
453.66909620991254,163.82978069602103,1303.1394057622174,1.5932636226586643,0.11019915497481136,0.4044029876324778
454.6683673469388,164.60420644992286,1310.174266860083,1.5932002409504613,0.11015005515747722,0.4030600981061489
455.66763848396505,165.38226310545016,1316.5671815710757,1.5932244133765636,0.11017163543958008,0.4009599010761172
456.6669096209913,166.14971277562833,1323.7953608717987,1.593218207641016,0.11009061099818518,0.4002977201389972
457.6661807580175,166.93311324491202,1333.0462274480215,1.5930927635271808,0.10975776618238697,0.4049358896908017
458.66545189504376,167.75355371991193,1340.2449159761838,1.5930363384822448,0.10969672440440426,0.4053796779182695
459.66472303207,170.34884402573775,1360.7670864142447,1.5930539488676771,0.1098178180481637,0.3996600343737419
460.6639941690962,172.0807708219573,1376.8923787175415,1.59295484001097,0.10965860417107298,0.39836816459204205
461.66326530612247,172.56497189876083,1381.9087946618838,1.5929103335419745,0.10957286180667558,0.39809896799963956
462.6625364431487,173.1162484681436,1385.9302134940283,1.5928748679684224,0.10964072851718543,0.3960742859449999
463.661807580175,173.78219597765528,1391.9755754173532,1.5928227699283815,0.10959163682341999,0.3956816446985689
464.6610787172012,174.50679455943836,1399.1243670621056,1.5927772051295113,0.10946844402866351,0.39666530469072203
465.66034985422743,175.03685987930947,1404.4010279043234,1.5927634709225091,0.10943600713539547,0.39404125752783814
466.6596209912537,175.62081276260173,1410.5357491745897,1.59273340943093,0.10933705532037763,0.3932963211739514
467.6588921282799,176.46426211236147,1416.5663019338053,1.592685885779512,0.10937040521376518,0.394622633369281
468.65816326530614,177.21879533277252,1425.0927926802083,1.5926745531118802,0.1091486392999006,0.3964047261093779
469.6574344023324,177.6858303202829,1429.6798286566163,1.59264032159342,0.10916432627207207,0.39202985853049455
470.65670553935865,178.54075136274943,1436.2610719385475,1.5926096057781294,0.10922156458251298,0.39011825087192
471.65597667638485,179.51818681113326,1446.682905077157,1.5925717769590346,0.10900668808645864,0.3913176960786565
472.6552478134111,180.3278548399054,1452.2865394239918,1.592483241185822,0.10906552536942105,0.39188722483164107
473.65451895043736,181.05363374678018,1459.5757098364106,1.5924217732120747,0.10898812780407252,0.3901998906685827
474.65379008746356,181.67827030086124,1465.7786578684095,1.5924000533360088,0.10891578957008119,0.38939943828991674
475.6530612244898,182.57437914236988,1472.8278117111493,1.5923504833564062,0.10897124772656519,0.3870711199209881
476.6523323615161,183.35724796998977,1481.1880015081297,1.592287136158413,0.10879856167417379,0.38830327219770966
477.65160349854233,183.98056717371736,1487.0800230889852,1.5922521167177728,0.10874936579319461,0.38755629462021607
478.6508746355685,184.6650228044012,1491.8940556252035,1.592245012069039,0.10885348337049439,0.3846915533059483
479.6501457725948,185.617366491504,1500.5757695962234,1.5922170080920481,0.10877226716685806,0.3852210895540323
480.64941690962104,186.50179041029406,1510.8572579824583,1.5922085553721068,0.10851723213542952,0.3868621528291781
481.64868804664724,187.02758737065227,1515.385216558049,1.5921451390877437,0.10853920449930277,0.38457587260847437
482.6479591836735,187.8631165951602,1525.627060643503,1.5920733333336323,0.10822088255408135,0.38854341300611445
483.64723032069975,188.50451033221,1529.5327967408446,1.5919767176498627,0.10834257639956602,0.38690321355402274
484.646501457726,189.44971294976062,1537.841175761252,1.591939666532219,0.10830684318060335,0.3863868923627994
485.6457725947522,190.07851329317668,1543.0269212908795,1.5919589267947698,0.10836370139081808,0.38290848016690504
486.64504373177846,190.99700073045798,1551.4219660259696,1.5919214787832177,0.10828001214343441,0.3839150125152348
487.6443148688047,191.76064347212468,1558.3092412607539,1.59188541985923,0.10823685450152909,0.383670356765852
488.6435860058309,192.49256124666016,1566.7262763475849,1.5918256144659328,0.1080938567531442,0.38213377247287966
489.64285714285717,193.34236246590353,1573.9430064085855,1.5917465716245547,0.10807219602311768,0.3821926144979753
490.6421282798834,194.0121050148732,1580.360693523433,1.5917263690463017,0.10799883603139038,0.3826011966772106
491.6413994169096,194.79562804916088,1586.4763428147917,1.5917265553717972,0.10807652987780036,0.3792853880860878
492.6406705539359,195.8585306917562,1598.2532198770389,1.5916452617305281,0.10779278601363029,0.3833452264853296
493.63994169096213,196.60735544884858,1604.9789733037996,1.5916102716952358,0.10774852387809863,0.38351007320987895
494.6392128279884,200.76264049467568,1640.4813681727637,1.5915307105330174,0.10768937910800336,0.3810102692039554
495.6384839650146,204.42606518209226,1670.1121556321273,1.5914915315610967,0.10775191930050232,0.378612059390458
496.63775510204084,204.35191899763996,1670.8407398765573,1.5915162159410383,0.10769571342325679,0.37694514267017243
497.6370262390671,204.57647919786842,1673.3301285656903,1.5915478900889444,0.10768988021359882,0.37492282948788574
498.6362973760933,204.89721275928855,1677.173410961894,1.5914836090203084,0.10759344585967945,0.375934679938515
499.63556851311955,205.14506654515299,1681.3349024227437,1.5913950230616556,0.10747332018079314,0.3750198556885834
500.6348396501458,205.616382816534,1684.4956308480353,1.591424215916033,0.10752925666541979,0.3743971530232724
501.63411078717206,206.3784320937684,1690.6982794096311,1.5913045392893241,0.10751742643142137,0.3752021762181986
502.63338192419826,207.0949527399431,1699.02354785866,1.591274831683789,0.10732608504472485,0.3772163087617331
503.6326530612245,207.56933772088956,1704.056859014863,1.5912757953561878,0.10728299988471357,0.37560141384775414
504.6319241982508,207.9663723579127,1706.0982772557284,1.5912634001913772,0.10742516187676454,0.37193190047163777
505.63119533527697,208.68199984291243,1713.8803073895704,1.5912259398605841,0.10730358689914343,0.37203139974739163
506.6304664723032,209.25554470874644,1721.21846437892,1.5911028690312599,0.1071008272702878,0.37421682687278274
507.6297376093295,209.51683551825533,1724.961811656098,1.5911258998504036,0.10703525534811131,0.3723406668642801
508.62900874635574,210.1461719633462,1729.9251264516136,1.591079219625419,0.10703934301519125,0.37286858109721105
509.62827988338194,210.91198647241336,1735.5541674996073,1.5910451502247873,0.10708132698833683,0.37284939272119194
510.6275510204082,211.62011913090686,1743.3164221763848,1.5910427431665968,0.10698069382359843,0.3718250354067972
511.62682215743433,212.3080214316065,1749.2996686321396,1.5910052694973909,0.10695327436654956,0.37227877591218506
512.6260932944606,213.08149399516606,1757.4723830106134,1.5909646523502814,0.10681613391557576,0.37383228555396536
513.6253644314868,213.53966049744332,1763.6646027383588,1.5908889954816299,0.10674012518328335,0.3698816214382303
514.624635568513,214.28791336413457,1770.7248632994047,1.5908544252555346,0.10668033451462566,0.3702605534093176
515.6239067055393,215.14991054919665,1779.9263165742575,1.5908186559694044,0.10650992593809883,0.3728456029114864
516.6231778425655,215.91150995706516,1786.1189978157377,1.5907507292322882,0.10651235910592338,0.3730715728307923
517.6224489795917,216.32378364304645,1787.7525713693246,1.5907243534238984,0.10667721891432258,0.36974830927842656
518.621720116618,217.03474343262403,1794.6685889477867,1.5907441974789638,0.10662447922441931,0.3692349200864844
519.6209912536442,217.7586173061187,1802.1623680127602,1.5907384978447272,0.10655608733501132,0.3680611181342418
520.6202623906705,218.48607527140683,1811.7598973514912,1.5906822482585619,0.10629761489090983,0.37077724373390175
521.6195335276967,219.25524710483768,1817.5233641769782,1.5906725926620129,0.106358907949063,0.36934650251426593
522.6188046647229,220.0436745636435,1824.9698668841431,1.5906380084285443,0.10632818915283093,0.36808312599935195
523.6180758017492,220.64202229666603,1830.197863130555,1.590597946995547,0.10633097047060946,0.36705488010249515
524.6173469387754,221.45354890915144,1838.1489109954612,1.5905829647621983,0.10625128261599759,0.3675717012969732
525.6166180758016,222.43948792732436,1848.1893323116676,1.5905307070860786,0.1061154716191548,0.3692163662211415
526.6158892128279,222.99215314227928,1853.4240986800269,1.5905147066780947,0.10609952778434506,0.36803552541231205
527.6151603498541,223.7298379004692,1862.0288012995936,1.5904865981813376,0.10595052034509922,0.3684932303771266
528.6144314868803,224.32924327080866,1867.056231878711,1.5904602038237947,0.10601225218518828,0.36487152227222525
529.6137026239066,224.9727485246454,1869.763697999864,1.5904186751723974,0.10620548222586867,0.36243721970357623
530.6129737609328,225.86018926555113,1880.8678700711127,1.590331630643158,0.10592113601064623,0.3666175371009078
531.612244897959,226.4567826454425,1884.8968192948764,1.5903035417138986,0.10601127560791102,0.36450208850237176
532.6115160349854,227.25234102058198,1892.9060459909347,1.5902751385848837,0.10593555161132762,0.36438990485741707
533.6107871720116,228.354522670146,1904.3237183427257,1.5902602987839307,0.10578549851266117,0.365842703075739
534.6100583090379,229.1027785323856,1914.1474893010923,1.5902343915391557,0.10555597391450311,0.3676320626854955
535.6093294460641,229.8017926849496,1919.1778172772772,1.5901819784399729,0.10564361173314141,0.3651828448557369
536.6086005830903,230.4104125982597,1922.1003869572019,1.59017349572543,0.1058216549723634,0.36181922687343865
537.6078717201166,231.3173611798442,1932.2296368872298,1.5901074892175546,0.10565402138533231,0.36336589865481117
538.6071428571428,232.2169783124539,1942.7421434937035,1.590058908303702,0.1054689083760969,0.3646214521314613
539.606413994169,233.07532098301448,1949.6043393304853,1.5900489851751076,0.10553754983517272,0.3616993367664367
540.6056851311953,233.70930962161833,1955.235181955662,1.5900575023727337,0.10555231693368783,0.3598548869816844
541.6049562682215,234.91919486758133,1965.320606185913,1.589996902475344,0.10550583857777518,0.36260796455378413
542.6042274052477,239.34332656536716,2003.3295091098253,1.5899624579540126,0.10547641548971765,0.36129546464716217
543.603498542274,242.65281142166728,2032.5013994259289,1.5899886526716203,0.10546664253946125,0.3575094415599879
544.6027696793002,242.98108510671818,2035.4837860579632,1.5899607363375956,0.10545249994739891,0.35762807110637335
545.6020408163264,243.0646889306317,2037.722816583433,1.5899011438233182,0.10540644351608397,0.35571887703318245
546.6013119533527,243.50858295716804,2042.6595956222914,1.5899316393508818,0.10535147519185117,0.3552779358817313
547.6005830903789,244.2843979434655,2049.855927134519,1.5898623865501742,0.10527167460618747,0.35780637484669375
548.5998542274052,244.98459467750368,2058.383014969669,1.5898165685241392,0.10510327610921588,0.3596766995072795
549.5991253644314,245.27056682881965,2061.373587548278,1.589753756820392,0.10512423255154846,0.356771608704814
550.5983965014576,245.76673664664435,2065.820367684716,1.5897414108521561,0.10511409589705067,0.35654660926775605
551.5976676384839,246.33145461767668,2071.8769506523868,1.5897370505827333,0.10505330621200315,0.3562236351764869
552.5969387755101,247.0030190902461,2077.1929940899645,1.5897048790944752,0.10508911360415563,0.3551403315639326
553.5962099125363,247.6639741397805,2083.6274783124386,1.5896721067662638,0.10502998464652857,0.3559930925078002
554.5954810495626,248.17863517761845,2087.7561515186603,1.5896837960449988,0.10510251075041133,0.35243468519640475
555.5947521865888,248.95659027236272,2096.189744981408,1.5896641492232246,0.10499289356760255,0.353284590097349
556.594023323615,249.74193404743886,2104.695936446422,1.5896104109874216,0.10487125043958367,0.3548369102532157
557.5932944606413,250.3788140385101,2111.137349871643,1.589573824423524,0.1048267225948405,0.3543320226347998
558.5925655976675,251.0304578376402,2117.8431223599105,1.5895651095196432,0.10476683871268766,0.35432801546403037
559.5918367346937,251.69942593613206,2123.9948967532096,1.5895395841425983,0.10473600664960658,0.35465869574406295
560.59110787172,252.53914088026704,2131.249846670394,1.5894708355295588,0.1047028192912407,0.35608274841804965
561.5903790087463,253.06181109828773,2133.622957449661,1.5894627720789023,0.10489996151770642,0.3505331917180427
562.5896501457725,253.96778609421642,2144.345990130565,1.5894452774688657,0.10472521094765552,0.35189733531714174
563.5889212827988,254.76747938571992,2153.801941074706,1.5894329103051357,0.10457548230710834,0.3529428952770797
564.588192419825,255.4830253297341,2161.054192975019,1.5893798651267517,0.1045376339740296,0.35177567770800827
565.5874635568513,256.3005424120757,2168.677433979243,1.5893152370083534,0.10451714996177919,0.3509933012464157
566.5867346938775,256.87977882303795,2170.541696530525,1.5893384739219518,0.10470976147343225,0.34834175142831564
567.5860058309037,258.0467344552434,2182.3838276427805,1.5892817912697437,0.10455324363263951,0.3518584134273254
568.58527696793,259.00203970269644,2193.7474399548423,1.5892273167738455,0.10437353817831774,0.3531878833531844
569.5845481049562,259.7969966679962,2202.2197803244544,1.5892024520510244,0.10430101807483161,0.35261978536366684
570.5838192419824,260.4199210873615,2207.667023345005,1.5892033973089716,0.10435164603934122,0.34926104710504274
571.5830903790087,261.1412175163887,2214.36865898863,1.58924235795348,0.10433369828804895,0.34870393446164005
572.5823615160349,261.81987301652015,2219.564780301542,1.5891810879484538,0.10434942852930185,0.3493077231865038
573.5816326530611,262.74267998793306,2228.6314281624104,1.5891306515961565,0.1043061732078181,0.3484485692625149
574.5809037900874,263.7063590136169,2238.7315180561204,1.5891097721056398,0.10420888799517147,0.3488820716458296
575.5801749271136,264.4927494615852,2247.5659983080386,1.589114293986469,0.10406826068287378,0.3512141266955442
576.5794460641398,265.19066612742625,2255.7322025946723,1.5890947834578812,0.10397132085597827,0.35085761576015273
577.5787172011661,266.1021432340971,2264.769884777106,1.589057334073221,0.10391847114548547,0.35050447031920506
578.5779883381923,266.88354953602663,2270.94607519365,1.5890871656524135,0.10395018282110358,0.34992812707001836
579.5772594752186,267.7766070123914,2279.4657267192683,1.5890408991295744,0.10391781206685313,0.3493745802375573
580.5765306122448,270.98294226774743,2308.622069385955,1.5889611241888644,0.10383373218715808,0.34938976632945595
581.575801749271,274.3546441455684,2335.9449904085377,1.588972999748356,0.10395557385343501,0.34596221285577383
582.5750728862973,275.1535821768723,2342.2008944276804,1.5889544217035108,0.10402099577266699,0.3435947777011644
583.5743440233235,275.83854002699843,2351.1138672697784,1.5889173959872886,0.10384234533184866,0.3460295965343539
584.5736151603497,276.13726615962406,2352.3233161256785,1.58891377889561,0.10392545592403657,0.3446421020224056
585.572886297376,276.6753118388968,2357.8068661912375,1.5888609872211532,0.10390534189548073,0.34351624830236455
586.5721574344022,277.5032246728579,2369.5134085251616,1.5888233097279034,0.10363867038856145,0.3471346380361565
587.5714285714284,278.10817821083265,2374.528062407098,1.5887743438754873,0.10368100564144944,0.3450714353891799
588.5706997084548,278.9096596154476,2383.015180081946,1.588756642609077,0.10358569325738176,0.34644527485189197
589.569970845481,279.3852042516666,2387.0397921573135,1.5887757702269218,0.10359942921751353,0.3457483168177643
590.5692419825072,280.1913098009902,2394.2043713849143,1.5887309352323113,0.10360291111159725,0.34485442625014073
591.5685131195335,280.6868144507498,2399.4658503454925,1.5886760722431785,0.10358597728712149,0.343270553010034
592.5677842565597,281.39264679907967,2406.6052124166786,1.588673486658121,0.10352289322660702,0.34416564590506954
593.567055393586,281.9917773098098,2413.864208121884,1.5886692016852877,0.10343751299207837,0.34380859709143885
594.5663265306122,282.8407386709068,2422.8571989253373,1.5885918042764302,0.10333538696098055,0.3454548451661781
595.5655976676384,283.70051890562274,2429.974390343814,1.5885597274735757,0.10338216702663905,0.3433574986968662
596.5648688046647,284.33795729117605,2435.0495585722033,1.5885596047463493,0.10342890519755432,0.34159958763008164
597.5641399416909,285.1944453811268,2442.756071789235,1.5885290769692955,0.10338338387296897,0.3433219285975891
598.5634110787171,285.87879121872936,2450.4169015812054,1.5884765510571197,0.10332671440363606,0.342208778472108
599.5626822157434,286.6939759561339,2458.247883178112,1.5884760651138394,0.1032901824391741,0.34227066025961556
